position_name,position_idx,layer,feature_id,feature_type,activation_value,steering_scale,move,prob_diff,original_prob,modified_prob,fen
pos_55,55,0,11076,transcoder,1.2524975538253784,-2.0,h3h7,-0.9126903854776174,0.9164886474609375,0.003798261983320117,6rk/2nq1rnp/p4P2/1p1p4/P1p5/3B3Q/1PP4P/3R1RK1 w - - 0 29
pos_54,54,0,2952,lorsa,2.74106764793396,-2.0,h3h7,-0.9119922094978392,0.9164886474609375,0.004496437963098288,6rk/2nq1rnp/p4P2/1p1p4/P1p5/3B3Q/1PP4P/3R1RK1 w - - 0 29
pos_54,54,0,11059,lorsa,4.140970706939697,-2.0,h3h7,-0.9110937602818012,0.9164886474609375,0.005394887179136276,6rk/2nq1rnp/p4P2/1p1p4/P1p5/3B3Q/1PP4P/3R1RK1 w - - 0 29
pos_19,19,1,9035,transcoder,1.2929047346115112,-2.0,h3h7,-0.9107537032105029,0.9164886474609375,0.005734944250434637,6rk/2nq1rnp/p4P2/1p1p4/P1p5/3B3Q/1PP4P/3R1RK1 w - - 0 29
pos_54,54,0,5593,transcoder,1.5292519330978394,-2.0,h3h7,-0.9105793093331158,0.9164886474609375,0.005909338127821684,6rk/2nq1rnp/p4P2/1p1p4/P1p5/3B3Q/1PP4P/3R1RK1 w - - 0 29
pos_19,19,0,4675,transcoder,1.2117946147918701,-2.0,h3h7,-0.9102906752377748,0.9164886474609375,0.006197972223162651,6rk/2nq1rnp/p4P2/1p1p4/P1p5/3B3Q/1PP4P/3R1RK1 w - - 0 29
pos_19,19,0,10079,lorsa,4.071903228759766,-2.0,h3h7,-0.9101160010322928,0.9164886474609375,0.006372646428644657,6rk/2nq1rnp/p4P2/1p1p4/P1p5/3B3Q/1PP4P/3R1RK1 w - - 0 29
pos_19,19,2,15512,transcoder,0.6853092312812805,-2.0,h3h7,-0.9050593161955476,0.9164886474609375,0.01142933126538992,6rk/2nq1rnp/p4P2/1p1p4/P1p5/3B3Q/1PP4P/3R1RK1 w - - 0 29
pos_54,54,2,12759,transcoder,0.6949848532676697,-2.0,h3h7,-0.9048855379223824,0.9164886474609375,0.011603109538555145,6rk/2nq1rnp/p4P2/1p1p4/P1p5/3B3Q/1PP4P/3R1RK1 w - - 0 29
pos_19,19,4,8194,transcoder,1.3856878280639648,-2.0,h3h7,-0.8939612824469805,0.9164886474609375,0.022527365013957024,6rk/2nq1rnp/p4P2/1p1p4/P1p5/3B3Q/1PP4P/3R1RK1 w - - 0 29
pos_19,19,6,2562,transcoder,1.6155141592025757,-2.0,h3h7,-0.8935982156544924,0.9164886474609375,0.022890431806445122,6rk/2nq1rnp/p4P2/1p1p4/P1p5/3B3Q/1PP4P/3R1RK1 w - - 0 29
pos_54,54,6,6679,transcoder,0.9387063980102539,-2.0,h3h7,-0.8879271801561117,0.9164886474609375,0.028561467304825783,6rk/2nq1rnp/p4P2/1p1p4/P1p5/3B3Q/1PP4P/3R1RK1 w - - 0 29
pos_55,55,0,12046,lorsa,3.1549324989318848,-2.0,h3h7,-0.8867537975311279,0.9164886474609375,0.02973484992980957,6rk/2nq1rnp/p4P2/1p1p4/P1p5/3B3Q/1PP4P/3R1RK1 w - - 0 29
pos_55,55,14,138,transcoder,6.915294170379639,-2.0,h3h7,-0.8838477842509747,0.9164886474609375,0.032640863209962845,6rk/2nq1rnp/p4P2/1p1p4/P1p5/3B3Q/1PP4P/3R1RK1 w - - 0 29
pos_54,54,4,2320,transcoder,4.322571277618408,-2.0,h3h7,-0.8832214958965778,0.9164886474609375,0.033267151564359665,6rk/2nq1rnp/p4P2/1p1p4/P1p5/3B3Q/1PP4P/3R1RK1 w - - 0 29
pos_19,19,3,3024,transcoder,1.102023720741272,-2.0,h3h7,-0.8801782168447971,0.9164886474609375,0.036310430616140366,6rk/2nq1rnp/p4P2/1p1p4/P1p5/3B3Q/1PP4P/3R1RK1 w - - 0 29
pos_23,23,0,8135,transcoder,1.4795358180999756,-2.0,h3h7,-0.8795145228505135,0.9164886474609375,0.03697412461042404,6rk/2nq1rnp/p4P2/1p1p4/P1p5/3B3Q/1PP4P/3R1RK1 w - - 0 29
pos_23,23,1,1321,transcoder,0.9603546857833862,-2.0,h3h7,-0.8672641478478909,0.9164886474609375,0.049224499613046646,6rk/2nq1rnp/p4P2/1p1p4/P1p5/3B3Q/1PP4P/3R1RK1 w - - 0 29
pos_23,23,14,5634,transcoder,2.6467764377593994,-2.0,h3h7,-0.8638177514076233,0.9164886474609375,0.05267089605331421,6rk/2nq1rnp/p4P2/1p1p4/P1p5/3B3Q/1PP4P/3R1RK1 w - - 0 29
pos_19,19,3,2651,lorsa,2.8926243782043457,-2.0,h3h7,-0.8599003069102764,0.9164886474609375,0.05658834055066109,6rk/2nq1rnp/p4P2/1p1p4/P1p5/3B3Q/1PP4P/3R1RK1 w - - 0 29
pos_23,23,2,13354,transcoder,0.9692530632019043,-2.0,h3h7,-0.8488807305693626,0.9164886474609375,0.06760791689157486,6rk/2nq1rnp/p4P2/1p1p4/P1p5/3B3Q/1PP4P/3R1RK1 w - - 0 29
pos_23,23,3,15009,transcoder,0.7732203602790833,-2.0,h3h7,-0.8282132893800735,0.9164886474609375,0.08827535808086395,6rk/2nq1rnp/p4P2/1p1p4/P1p5/3B3Q/1PP4P/3R1RK1 w - - 0 29
pos_54,54,7,14452,transcoder,4.763481616973877,-2.0,h3h7,-0.8120095580816269,0.9164886474609375,0.10447908937931061,6rk/2nq1rnp/p4P2/1p1p4/P1p5/3B3Q/1PP4P/3R1RK1 w - - 0 29
pos_23,23,6,4099,transcoder,2.094484567642212,-2.0,h3h7,-0.7878649532794952,0.9164886474609375,0.12862369418144226,6rk/2nq1rnp/p4P2/1p1p4/P1p5/3B3Q/1PP4P/3R1RK1 w - - 0 29
pos_55,55,2,7624,lorsa,3.946803331375122,-2.0,h3h7,-0.7828432023525238,0.9164886474609375,0.1336454451084137,6rk/2nq1rnp/p4P2/1p1p4/P1p5/3B3Q/1PP4P/3R1RK1 w - - 0 29
pos_23,23,4,3675,transcoder,0.6156646609306335,-2.0,h3h7,-0.7424860447645187,0.9164886474609375,0.17400260269641876,6rk/2nq1rnp/p4P2/1p1p4/P1p5/3B3Q/1PP4P/3R1RK1 w - - 0 29
pos_63,63,2,14106,transcoder,1.301774263381958,-2.0,h3h7,-0.7270440459251404,0.9164886474609375,0.18944460153579712,6rk/2nq1rnp/p4P2/1p1p4/P1p5/3B3Q/1PP4P/3R1RK1 w - - 0 29
pos_51,51,0,2952,transcoder,1.7456032037734985,-2.0,h3h7,-0.7234565168619156,0.9164886474609375,0.1930321305990219,6rk/2nq1rnp/p4P2/1p1p4/P1p5/3B3Q/1PP4P/3R1RK1 w - - 0 29
pos_63,63,1,15260,transcoder,1.3775041103363037,-2.0,h3h7,-0.7221152931451797,0.9164886474609375,0.19437335431575775,6rk/2nq1rnp/p4P2/1p1p4/P1p5/3B3Q/1PP4P/3R1RK1 w - - 0 29
pos_51,51,0,13740,lorsa,3.7085108757019043,-2.0,h3h7,-0.708775669336319,0.9164886474609375,0.20771297812461853,6rk/2nq1rnp/p4P2/1p1p4/P1p5/3B3Q/1PP4P/3R1RK1 w - - 0 29
pos_51,51,1,11215,lorsa,5.964420318603516,-2.0,h3h7,-0.6941169649362564,0.9164886474609375,0.2223716825246811,6rk/2nq1rnp/p4P2/1p1p4/P1p5/3B3Q/1PP4P/3R1RK1 w - - 0 29
pos_51,51,1,11331,transcoder,0.8082765340805054,-2.0,h3h7,-0.6684954017400742,0.9164886474609375,0.24799324572086334,6rk/2nq1rnp/p4P2/1p1p4/P1p5/3B3Q/1PP4P/3R1RK1 w - - 0 29
pos_23,23,7,7600,transcoder,1.5678061246871948,-2.0,h3h7,-0.664312332868576,0.9164886474609375,0.25217631459236145,6rk/2nq1rnp/p4P2/1p1p4/P1p5/3B3Q/1PP4P/3R1RK1 w - - 0 29
pos_51,51,1,11218,transcoder,0.6418614387512207,-2.0,h3h7,-0.6604666411876678,0.9164886474609375,0.25602200627326965,6rk/2nq1rnp/p4P2/1p1p4/P1p5/3B3Q/1PP4P/3R1RK1 w - - 0 29
pos_55,55,8,12466,lorsa,6.701469421386719,-2.0,h3h7,-0.6376409232616425,0.9164886474609375,0.27884772419929504,6rk/2nq1rnp/p4P2/1p1p4/P1p5/3B3Q/1PP4P/3R1RK1 w - - 0 29
pos_55,55,0,7176,lorsa,4.344598293304443,-2.0,h3h7,-0.6180608868598938,0.9164886474609375,0.2984277606010437,6rk/2nq1rnp/p4P2/1p1p4/P1p5/3B3Q/1PP4P/3R1RK1 w - - 0 29
pos_63,63,5,12930,transcoder,2.5287396907806396,-2.0,h3h7,-0.6014361381530762,0.9164886474609375,0.31505250930786133,6rk/2nq1rnp/p4P2/1p1p4/P1p5/3B3Q/1PP4P/3R1RK1 w - - 0 29
pos_53,53,0,6981,lorsa,3.0194005966186523,-2.0,h3h7,-0.5792976319789886,0.9164886474609375,0.33719101548194885,6rk/2nq1rnp/p4P2/1p1p4/P1p5/3B3Q/1PP4P/3R1RK1 w - - 0 29
pos_55,55,1,780,lorsa,1.3625984191894531,-2.0,h3h7,-0.5741715133190155,0.9164886474609375,0.342317134141922,6rk/2nq1rnp/p4P2/1p1p4/P1p5/3B3Q/1PP4P/3R1RK1 w - - 0 29
pos_53,53,0,488,transcoder,1.5354541540145874,-2.0,h3h7,-0.5409097671508789,0.9164886474609375,0.3755788803100586,6rk/2nq1rnp/p4P2/1p1p4/P1p5/3B3Q/1PP4P/3R1RK1 w - - 0 29
pos_55,55,2,11401,lorsa,2.2997243404388428,-2.0,h3h7,-0.5361576676368713,0.9164886474609375,0.38033097982406616,6rk/2nq1rnp/p4P2/1p1p4/P1p5/3B3Q/1PP4P/3R1RK1 w - - 0 29
pos_63,63,0,7285,lorsa,3.7649195194244385,-2.0,h3h7,-0.5255148112773895,0.9164886474609375,0.390973836183548,6rk/2nq1rnp/p4P2/1p1p4/P1p5/3B3Q/1PP4P/3R1RK1 w - - 0 29
pos_55,55,1,1377,transcoder,0.5149338841438293,-2.0,h3h7,-0.512583315372467,0.9164886474609375,0.40390533208847046,6rk/2nq1rnp/p4P2/1p1p4/P1p5/3B3Q/1PP4P/3R1RK1 w - - 0 29
pos_63,63,7,3804,transcoder,1.3986529111862183,-2.0,h3h7,-0.49518656730651855,0.9164886474609375,0.42130208015441895,6rk/2nq1rnp/p4P2/1p1p4/P1p5/3B3Q/1PP4P/3R1RK1 w - - 0 29
pos_55,55,0,2549,transcoder,0.5326132774353027,-2.0,h3h7,-0.47691819071769714,0.9164886474609375,0.43957045674324036,6rk/2nq1rnp/p4P2/1p1p4/P1p5/3B3Q/1PP4P/3R1RK1 w - - 0 29
pos_55,55,14,11103,transcoder,0.670269787311554,-2.0,h3h7,-0.4698818624019623,0.9164886474609375,0.4466067850589752,6rk/2nq1rnp/p4P2/1p1p4/P1p5/3B3Q/1PP4P/3R1RK1 w - - 0 29
pos_1,1,10,10273,transcoder,21.85167694091797,-2.0,h3h7,-0.4622189402580261,0.9164886474609375,0.4542697072029114,6rk/2nq1rnp/p4P2/1p1p4/P1p5/3B3Q/1PP4P/3R1RK1 w - - 0 29
pos_54,54,1,9400,transcoder,0.8935899138450623,-2.0,h3h7,-0.45955973863601685,0.9164886474609375,0.45692890882492065,6rk/2nq1rnp/p4P2/1p1p4/P1p5/3B3Q/1PP4P/3R1RK1 w - - 0 29
pos_62,62,0,488,transcoder,1.3552452325820923,-2.0,h3h7,-0.4320341944694519,0.9164886474609375,0.4844544529914856,6rk/2nq1rnp/p4P2/1p1p4/P1p5/3B3Q/1PP4P/3R1RK1 w - - 0 29
pos_62,62,0,6922,lorsa,3.0256900787353516,-2.0,h3h7,-0.4224986732006073,0.9164886474609375,0.4939899742603302,6rk/2nq1rnp/p4P2/1p1p4/P1p5/3B3Q/1PP4P/3R1RK1 w - - 0 29
pos_55,55,8,9586,lorsa,2.7212605476379395,-2.0,h3h7,-0.41246509552001953,0.9164886474609375,0.504023551940918,6rk/2nq1rnp/p4P2/1p1p4/P1p5/3B3Q/1PP4P/3R1RK1 w - - 0 29
pos_63,63,9,13165,transcoder,2.2795591354370117,-2.0,h3h7,-0.41017675399780273,0.9164886474609375,0.5063118934631348,6rk/2nq1rnp/p4P2/1p1p4/P1p5/3B3Q/1PP4P/3R1RK1 w - - 0 29
pos_63,63,0,4905,transcoder,1.5160709619522095,-2.0,h3h7,-0.4073163866996765,0.9164886474609375,0.509172260761261,6rk/2nq1rnp/p4P2/1p1p4/P1p5/3B3Q/1PP4P/3R1RK1 w - - 0 29
pos_55,55,1,9142,lorsa,3.3273990154266357,-2.0,h3h7,-0.3697317838668823,0.9164886474609375,0.5467568635940552,6rk/2nq1rnp/p4P2/1p1p4/P1p5/3B3Q/1PP4P/3R1RK1 w - - 0 29
pos_55,55,0,5493,lorsa,1.3387057781219482,-2.0,h3h7,-0.36715662479400635,0.9164886474609375,0.5493320226669312,6rk/2nq1rnp/p4P2/1p1p4/P1p5/3B3Q/1PP4P/3R1RK1 w - - 0 29
pos_55,55,14,16044,lorsa,4.964409828186035,-2.0,h3h7,-0.36385905742645264,0.9164886474609375,0.5526295900344849,6rk/2nq1rnp/p4P2/1p1p4/P1p5/3B3Q/1PP4P/3R1RK1 w - - 0 29
pos_50,50,0,5593,transcoder,1.7483408451080322,-2.0,h3h7,-0.3626629114151001,0.9164886474609375,0.5538257360458374,6rk/2nq1rnp/p4P2/1p1p4/P1p5/3B3Q/1PP4P/3R1RK1 w - - 0 29
pos_23,23,12,15674,transcoder,0.6852042078971863,-2.0,h3h7,-0.35781586170196533,0.9164886474609375,0.5586727857589722,6rk/2nq1rnp/p4P2/1p1p4/P1p5/3B3Q/1PP4P/3R1RK1 w - - 0 29
pos_55,55,13,12356,transcoder,3.6047909259796143,-2.0,h3h7,-0.34769755601882935,0.9164886474609375,0.5687910914421082,6rk/2nq1rnp/p4P2/1p1p4/P1p5/3B3Q/1PP4P/3R1RK1 w - - 0 29
pos_23,23,1,1816,transcoder,0.9959800839424133,-2.0,h3h7,-0.3265269994735718,0.9164886474609375,0.5899616479873657,6rk/2nq1rnp/p4P2/1p1p4/P1p5/3B3Q/1PP4P/3R1RK1 w - - 0 29
pos_54,54,0,15755,lorsa,3.0460145473480225,-2.0,h3h7,-0.3240033984184265,0.9164886474609375,0.592485249042511,6rk/2nq1rnp/p4P2/1p1p4/P1p5/3B3Q/1PP4P/3R1RK1 w - - 0 29
pos_55,55,11,11974,transcoder,3.6281239986419678,-2.0,h3h7,-0.32027459144592285,0.9164886474609375,0.5962140560150146,6rk/2nq1rnp/p4P2/1p1p4/P1p5/3B3Q/1PP4P/3R1RK1 w - - 0 29
pos_54,54,0,7083,lorsa,2.4571409225463867,-2.0,h3h7,-0.30154502391815186,0.9164886474609375,0.6149436235427856,6rk/2nq1rnp/p4P2/1p1p4/P1p5/3B3Q/1PP4P/3R1RK1 w - - 0 29
pos_54,54,0,11720,transcoder,0.5434053540229797,-2.0,h3h7,-0.29555875062942505,0.9164886474609375,0.6209298968315125,6rk/2nq1rnp/p4P2/1p1p4/P1p5/3B3Q/1PP4P/3R1RK1 w - - 0 29
pos_23,23,13,142,transcoder,0.9766605496406555,-2.0,h3h7,-0.2903067469596863,0.9164886474609375,0.6261819005012512,6rk/2nq1rnp/p4P2/1p1p4/P1p5/3B3Q/1PP4P/3R1RK1 w - - 0 29
pos_63,63,10,3332,transcoder,2.3363890647888184,-2.0,h3h7,-0.284232497215271,0.9164886474609375,0.6322561502456665,6rk/2nq1rnp/p4P2/1p1p4/P1p5/3B3Q/1PP4P/3R1RK1 w - - 0 29
pos_63,63,8,2167,transcoder,2.128699779510498,-2.0,h3h7,-0.2705955505371094,0.9164886474609375,0.6458930969238281,6rk/2nq1rnp/p4P2/1p1p4/P1p5/3B3Q/1PP4P/3R1RK1 w - - 0 29
pos_55,55,3,12235,lorsa,2.774761915206909,-2.0,h3h7,-0.2672255039215088,0.9164886474609375,0.6492631435394287,6rk/2nq1rnp/p4P2/1p1p4/P1p5/3B3Q/1PP4P/3R1RK1 w - - 0 29
pos_55,55,2,4901,transcoder,1.2577348947525024,-2.0,h3h7,-0.24685078859329224,0.9164886474609375,0.6696378588676453,6rk/2nq1rnp/p4P2/1p1p4/P1p5/3B3Q/1PP4P/3R1RK1 w - - 0 29
pos_50,50,0,11059,lorsa,4.0403733253479,-2.0,h3h7,-0.2467615008354187,0.9164886474609375,0.6697271466255188,6rk/2nq1rnp/p4P2/1p1p4/P1p5/3B3Q/1PP4P/3R1RK1 w - - 0 29
pos_62,62,3,11384,lorsa,8.447432518005371,-2.0,h3h7,-0.23587101697921753,0.9164886474609375,0.68061763048172,6rk/2nq1rnp/p4P2/1p1p4/P1p5/3B3Q/1PP4P/3R1RK1 w - - 0 29
pos_55,55,6,7034,transcoder,0.756768524646759,-2.0,h3h7,-0.23384028673171997,0.9164886474609375,0.6826483607292175,6rk/2nq1rnp/p4P2/1p1p4/P1p5/3B3Q/1PP4P/3R1RK1 w - - 0 29
pos_23,23,0,10079,lorsa,3.793959856033325,-2.0,h3h7,-0.23372149467468262,0.9164886474609375,0.6827671527862549,6rk/2nq1rnp/p4P2/1p1p4/P1p5/3B3Q/1PP4P/3R1RK1 w - - 0 29
pos_55,55,0,2905,transcoder,0.480506032705307,-2.0,h3h7,-0.2275792956352234,0.9164886474609375,0.6889093518257141,6rk/2nq1rnp/p4P2/1p1p4/P1p5/3B3Q/1PP4P/3R1RK1 w - - 0 29
pos_2,2,8,11854,transcoder,14.41513729095459,-2.0,h3h7,-0.17679661512374878,0.9164886474609375,0.7396920323371887,6rk/2nq1rnp/p4P2/1p1p4/P1p5/3B3Q/1PP4P/3R1RK1 w - - 0 29
pos_62,62,5,13852,transcoder,2.238670587539673,-2.0,h3h7,-0.16998505592346191,0.9164886474609375,0.7465035915374756,6rk/2nq1rnp/p4P2/1p1p4/P1p5/3B3Q/1PP4P/3R1RK1 w - - 0 29
pos_23,23,2,12879,lorsa,2.4923837184906006,-2.0,h3h7,-0.16838401556015015,0.9164886474609375,0.7481046319007874,6rk/2nq1rnp/p4P2/1p1p4/P1p5/3B3Q/1PP4P/3R1RK1 w - - 0 29
pos_6,6,3,1991,transcoder,1.1155537366867065,-2.0,h3h7,-0.16668850183486938,0.9164886474609375,0.7498001456260681,6rk/2nq1rnp/p4P2/1p1p4/P1p5/3B3Q/1PP4P/3R1RK1 w - - 0 29
pos_6,6,7,9159,transcoder,3.481471538543701,-2.0,h3h7,-0.16148948669433594,0.9164886474609375,0.7549991607666016,6rk/2nq1rnp/p4P2/1p1p4/P1p5/3B3Q/1PP4P/3R1RK1 w - - 0 29
pos_23,23,14,138,transcoder,5.296043872833252,-2.0,h3h7,-0.15298151969909668,0.9164886474609375,0.7635071277618408,6rk/2nq1rnp/p4P2/1p1p4/P1p5/3B3Q/1PP4P/3R1RK1 w - - 0 29
pos_55,55,3,11167,transcoder,0.4699705243110657,-2.0,h3h7,-0.1478341817855835,0.9164886474609375,0.768654465675354,6rk/2nq1rnp/p4P2/1p1p4/P1p5/3B3Q/1PP4P/3R1RK1 w - - 0 29
pos_55,55,8,2551,lorsa,3.007384777069092,-2.0,h3h7,-0.14275753498077393,0.9164886474609375,0.7737311124801636,6rk/2nq1rnp/p4P2/1p1p4/P1p5/3B3Q/1PP4P/3R1RK1 w - - 0 29
pos_54,54,0,12254,transcoder,0.45756447315216064,-2.0,h3h7,-0.13534396886825562,0.9164886474609375,0.7811446785926819,6rk/2nq1rnp/p4P2/1p1p4/P1p5/3B3Q/1PP4P/3R1RK1 w - - 0 29
pos_54,54,4,3019,transcoder,0.5467835068702698,-2.0,h3h7,-0.1335352063179016,0.9164886474609375,0.7829534411430359,6rk/2nq1rnp/p4P2/1p1p4/P1p5/3B3Q/1PP4P/3R1RK1 w - - 0 29
pos_55,55,4,2320,transcoder,2.9409401416778564,-2.0,h3h7,-0.13148713111877441,0.9164886474609375,0.7850015163421631,6rk/2nq1rnp/p4P2/1p1p4/P1p5/3B3Q/1PP4P/3R1RK1 w - - 0 29
pos_63,63,6,3789,transcoder,2.0119314193725586,-2.0,h3h7,-0.1281876564025879,0.9164886474609375,0.7883009910583496,6rk/2nq1rnp/p4P2/1p1p4/P1p5/3B3Q/1PP4P/3R1RK1 w - - 0 29
pos_55,55,14,1214,transcoder,1.1017082929611206,-2.0,h3h7,-0.12497234344482422,0.9164886474609375,0.7915163040161133,6rk/2nq1rnp/p4P2/1p1p4/P1p5/3B3Q/1PP4P/3R1RK1 w - - 0 29
pos_50,50,0,2952,lorsa,2.6998138427734375,-2.0,h3h7,-0.11849850416183472,0.9164886474609375,0.7979901432991028,6rk/2nq1rnp/p4P2/1p1p4/P1p5/3B3Q/1PP4P/3R1RK1 w - - 0 29
pos_62,62,6,3210,transcoder,2.6209557056427,-2.0,h3h7,-0.11544573307037354,0.9164886474609375,0.801042914390564,6rk/2nq1rnp/p4P2/1p1p4/P1p5/3B3Q/1PP4P/3R1RK1 w - - 0 29
pos_8,8,10,10273,transcoder,21.71694564819336,-2.0,h3h7,-0.11478245258331299,0.9164886474609375,0.8017061948776245,6rk/2nq1rnp/p4P2/1p1p4/P1p5/3B3Q/1PP4P/3R1RK1 w - - 0 29
pos_50,50,1,7268,transcoder,0.9366815686225891,-2.0,h3h7,-0.11107116937637329,0.9164886474609375,0.8054174780845642,6rk/2nq1rnp/p4P2/1p1p4/P1p5/3B3Q/1PP4P/3R1RK1 w - - 0 29
pos_19,19,7,10549,transcoder,2.1346278190612793,-2.0,h3h7,-0.1109805703163147,0.9164886474609375,0.8055080771446228,6rk/2nq1rnp/p4P2/1p1p4/P1p5/3B3Q/1PP4P/3R1RK1 w - - 0 29
pos_23,23,14,6541,lorsa,9.295353889465332,-2.0,h3h7,-0.10872280597686768,0.9164886474609375,0.8077658414840698,6rk/2nq1rnp/p4P2/1p1p4/P1p5/3B3Q/1PP4P/3R1RK1 w - - 0 29
pos_6,6,6,7291,transcoder,2.1271281242370605,-2.0,h3h7,-0.1086929440498352,0.9164886474609375,0.8077957034111023,6rk/2nq1rnp/p4P2/1p1p4/P1p5/3B3Q/1PP4P/3R1RK1 w - - 0 29
pos_23,23,14,10814,transcoder,1.2539560794830322,-2.0,h3h7,-0.10813575983047485,0.9164886474609375,0.8083528876304626,6rk/2nq1rnp/p4P2/1p1p4/P1p5/3B3Q/1PP4P/3R1RK1 w - - 0 29
pos_19,19,13,1044,transcoder,1.1209732294082642,-2.0,h3h7,-0.1026155948638916,0.9164886474609375,0.8138730525970459,6rk/2nq1rnp/p4P2/1p1p4/P1p5/3B3Q/1PP4P/3R1RK1 w - - 0 29
pos_55,55,12,9544,transcoder,0.3484746515750885,-2.0,h3h7,-0.101593017578125,0.9164886474609375,0.8148956298828125,6rk/2nq1rnp/p4P2/1p1p4/P1p5/3B3Q/1PP4P/3R1RK1 w - - 0 29
pos_6,6,1,13953,transcoder,1.4638413190841675,-2.0,h3h7,-0.09920090436935425,0.9164886474609375,0.8172877430915833,6rk/2nq1rnp/p4P2/1p1p4/P1p5/3B3Q/1PP4P/3R1RK1 w - - 0 29
pos_6,6,4,2640,transcoder,0.95345139503479,-2.0,h3h7,-0.09599030017852783,0.9164886474609375,0.8204983472824097,6rk/2nq1rnp/p4P2/1p1p4/P1p5/3B3Q/1PP4P/3R1RK1 w - - 0 29
pos_6,6,0,8484,transcoder,1.8161442279815674,-2.0,h3h7,-0.09214460849761963,0.9164886474609375,0.8243440389633179,6rk/2nq1rnp/p4P2/1p1p4/P1p5/3B3Q/1PP4P/3R1RK1 w - - 0 29
pos_54,54,3,9407,transcoder,0.9188780188560486,-2.0,h3h7,-0.08984798192977905,0.9164886474609375,0.8266406655311584,6rk/2nq1rnp/p4P2/1p1p4/P1p5/3B3Q/1PP4P/3R1RK1 w - - 0 29
pos_6,6,2,13953,transcoder,1.4113495349884033,-2.0,h3h7,-0.07847815752029419,0.9164886474609375,0.8380104899406433,6rk/2nq1rnp/p4P2/1p1p4/P1p5/3B3Q/1PP4P/3R1RK1 w - - 0 29
pos_51,51,3,5284,transcoder,0.8008631467819214,-2.0,h3h7,-0.07803946733474731,0.9164886474609375,0.8384491801261902,6rk/2nq1rnp/p4P2/1p1p4/P1p5/3B3Q/1PP4P/3R1RK1 w - - 0 29
pos_6,6,0,1334,lorsa,3.5760326385498047,-2.0,h3h7,-0.07761138677597046,0.9164886474609375,0.838877260684967,6rk/2nq1rnp/p4P2/1p1p4/P1p5/3B3Q/1PP4P/3R1RK1 w - - 0 29
pos_51,51,14,6541,lorsa,6.785207271575928,-2.0,h3h7,-0.07698935270309448,0.9164886474609375,0.839499294757843,6rk/2nq1rnp/p4P2/1p1p4/P1p5/3B3Q/1PP4P/3R1RK1 w - - 0 29
pos_55,55,8,9724,transcoder,0.2719157934188843,-2.0,h3h7,-0.07552456855773926,0.9164886474609375,0.8409640789031982,6rk/2nq1rnp/p4P2/1p1p4/P1p5/3B3Q/1PP4P/3R1RK1 w - - 0 29
pos_51,51,2,5718,transcoder,0.8079871535301208,-2.0,h3h7,-0.0754280686378479,0.9164886474609375,0.8410605788230896,6rk/2nq1rnp/p4P2/1p1p4/P1p5/3B3Q/1PP4P/3R1RK1 w - - 0 29
pos_54,54,1,9082,transcoder,0.6800950169563293,-2.0,h3h7,-0.07080698013305664,0.9164886474609375,0.8456816673278809,6rk/2nq1rnp/p4P2/1p1p4/P1p5/3B3Q/1PP4P/3R1RK1 w - - 0 29
pos_1,1,8,11854,transcoder,20.628515243530273,-2.0,h3h7,-0.07040899991989136,0.9164886474609375,0.8460796475410461,6rk/2nq1rnp/p4P2/1p1p4/P1p5/3B3Q/1PP4P/3R1RK1 w - - 0 29
pos_62,62,4,1264,transcoder,1.4575250148773193,-2.0,h3h7,-0.06963890790939331,0.9164886474609375,0.8468497395515442,6rk/2nq1rnp/p4P2/1p1p4/P1p5/3B3Q/1PP4P/3R1RK1 w - - 0 29
pos_48,48,8,11854,transcoder,12.238478660583496,-2.0,h3h7,-0.06935471296310425,0.9164886474609375,0.8471339344978333,6rk/2nq1rnp/p4P2/1p1p4/P1p5/3B3Q/1PP4P/3R1RK1 w - - 0 29
pos_23,23,14,10632,transcoder,1.7923043966293335,-2.0,h3h7,-0.06209111213684082,0.9164886474609375,0.8543975353240967,6rk/2nq1rnp/p4P2/1p1p4/P1p5/3B3Q/1PP4P/3R1RK1 w - - 0 29
pos_32,32,8,11854,transcoder,15.80392074584961,-2.0,h3h7,-0.061595022678375244,0.9164886474609375,0.8548936247825623,6rk/2nq1rnp/p4P2/1p1p4/P1p5/3B3Q/1PP4P/3R1RK1 w - - 0 29
pos_55,55,13,3932,transcoder,0.8770402073860168,-2.0,h3h7,-0.061438918113708496,0.9164886474609375,0.855049729347229,6rk/2nq1rnp/p4P2/1p1p4/P1p5/3B3Q/1PP4P/3R1RK1 w - - 0 29
pos_26,26,0,11076,transcoder,1.3088144063949585,-2.0,h3h7,-0.060859739780426025,0.9164886474609375,0.8556289076805115,6rk/2nq1rnp/p4P2/1p1p4/P1p5/3B3Q/1PP4P/3R1RK1 w - - 0 29
pos_62,62,5,13262,transcoder,1.1085009574890137,-2.0,h3h7,-0.05988854169845581,0.9164886474609375,0.8566001057624817,6rk/2nq1rnp/p4P2/1p1p4/P1p5/3B3Q/1PP4P/3R1RK1 w - - 0 29
pos_33,33,0,11076,transcoder,1.2952806949615479,-2.0,h3h7,-0.05950444936752319,0.9164886474609375,0.8569841980934143,6rk/2nq1rnp/p4P2/1p1p4/P1p5/3B3Q/1PP4P/3R1RK1 w - - 0 29
pos_19,19,10,13297,transcoder,0.5489275455474854,-2.0,h3h7,-0.05830639600753784,0.9164886474609375,0.8581822514533997,6rk/2nq1rnp/p4P2/1p1p4/P1p5/3B3Q/1PP4P/3R1RK1 w - - 0 29
pos_35,35,0,11076,transcoder,1.3816696405410767,-2.0,h3h7,-0.05755871534347534,0.9164886474609375,0.8589299321174622,6rk/2nq1rnp/p4P2/1p1p4/P1p5/3B3Q/1PP4P/3R1RK1 w - - 0 29
pos_26,26,0,12046,lorsa,2.880739450454712,-2.0,h3h7,-0.057410478591918945,0.9164886474609375,0.8590781688690186,6rk/2nq1rnp/p4P2/1p1p4/P1p5/3B3Q/1PP4P/3R1RK1 w - - 0 29
pos_50,50,2,12759,transcoder,0.8980666995048523,-2.0,h3h7,-0.05603063106536865,0.9164886474609375,0.8604580163955688,6rk/2nq1rnp/p4P2/1p1p4/P1p5/3B3Q/1PP4P/3R1RK1 w - - 0 29
pos_55,55,13,1583,transcoder,0.61210697889328,-2.0,h3h7,-0.05184221267700195,0.9164886474609375,0.8646464347839355,6rk/2nq1rnp/p4P2/1p1p4/P1p5/3B3Q/1PP4P/3R1RK1 w - - 0 29
pos_56,56,3,1565,lorsa,9.65829849243164,-2.0,h3h7,-0.050928592681884766,0.9164886474609375,0.8655600547790527,6rk/2nq1rnp/p4P2/1p1p4/P1p5/3B3Q/1PP4P/3R1RK1 w - - 0 29
pos_55,55,1,1824,transcoder,0.6384873390197754,-2.0,h3h7,-0.05075395107269287,0.9164886474609375,0.8657346963882446,6rk/2nq1rnp/p4P2/1p1p4/P1p5/3B3Q/1PP4P/3R1RK1 w - - 0 29
pos_6,6,12,11384,transcoder,0.43933117389678955,-2.0,h3h7,-0.04995197057723999,0.9164886474609375,0.8665366768836975,6rk/2nq1rnp/p4P2/1p1p4/P1p5/3B3Q/1PP4P/3R1RK1 w - - 0 29
pos_55,55,11,2278,transcoder,0.6151278614997864,-2.0,h3h7,-0.04758405685424805,0.9164886474609375,0.8689045906066895,6rk/2nq1rnp/p4P2/1p1p4/P1p5/3B3Q/1PP4P/3R1RK1 w - - 0 29
pos_63,63,3,10866,transcoder,1.6885043382644653,-2.0,h3h7,-0.04583775997161865,0.9164886474609375,0.8706508874893188,6rk/2nq1rnp/p4P2/1p1p4/P1p5/3B3Q/1PP4P/3R1RK1 w - - 0 29
pos_23,23,14,11103,transcoder,0.9644421935081482,-2.0,h3h7,-0.04430121183395386,0.9164886474609375,0.8721874356269836,6rk/2nq1rnp/p4P2/1p1p4/P1p5/3B3Q/1PP4P/3R1RK1 w - - 0 29
pos_6,6,1,9142,lorsa,3.4385480880737305,-2.0,h3h7,-0.04417288303375244,0.9164886474609375,0.8723157644271851,6rk/2nq1rnp/p4P2/1p1p4/P1p5/3B3Q/1PP4P/3R1RK1 w - - 0 29
pos_53,53,6,3210,transcoder,2.089428663253784,-2.0,h3h7,-0.04362964630126953,0.9164886474609375,0.872859001159668,6rk/2nq1rnp/p4P2/1p1p4/P1p5/3B3Q/1PP4P/3R1RK1 w - - 0 29
pos_55,55,2,2451,lorsa,1.589869499206543,-2.0,h3h7,-0.04191935062408447,0.9164886474609375,0.874569296836853,6rk/2nq1rnp/p4P2/1p1p4/P1p5/3B3Q/1PP4P/3R1RK1 w - - 0 29
pos_35,35,0,12046,lorsa,3.1932528018951416,-2.0,h3h7,-0.04101431369781494,0.9164886474609375,0.8754743337631226,6rk/2nq1rnp/p4P2/1p1p4/P1p5/3B3Q/1PP4P/3R1RK1 w - - 0 29
pos_6,6,8,4053,transcoder,2.3840339183807373,-2.0,h3h7,-0.04069548845291138,0.9164886474609375,0.8757931590080261,6rk/2nq1rnp/p4P2/1p1p4/P1p5/3B3Q/1PP4P/3R1RK1 w - - 0 29
pos_55,55,12,15847,transcoder,3.4602508544921875,-2.0,h3h7,-0.04017835855484009,0.9164886474609375,0.8763102889060974,6rk/2nq1rnp/p4P2/1p1p4/P1p5/3B3Q/1PP4P/3R1RK1 w - - 0 29
pos_3,3,12,11384,transcoder,0.9560945630073547,-2.0,h3h7,-0.03985154628753662,0.9164886474609375,0.8766371011734009,6rk/2nq1rnp/p4P2/1p1p4/P1p5/3B3Q/1PP4P/3R1RK1 w - - 0 29
pos_51,51,5,8348,transcoder,1.1162958145141602,-2.0,h3h7,-0.03899204730987549,0.9164886474609375,0.877496600151062,6rk/2nq1rnp/p4P2/1p1p4/P1p5/3B3Q/1PP4P/3R1RK1 w - - 0 29
pos_55,55,0,7273,lorsa,1.2010884284973145,-2.0,h3h7,-0.03848773241043091,0.9164886474609375,0.8780009150505066,6rk/2nq1rnp/p4P2/1p1p4/P1p5/3B3Q/1PP4P/3R1RK1 w - - 0 29
pos_55,55,10,9278,transcoder,6.275432586669922,-2.0,h3h7,-0.03797262907028198,0.9164886474609375,0.8785160183906555,6rk/2nq1rnp/p4P2/1p1p4/P1p5/3B3Q/1PP4P/3R1RK1 w - - 0 29
pos_23,23,1,6844,transcoder,0.44477665424346924,-2.0,h3h7,-0.0378725528717041,0.9164886474609375,0.8786160945892334,6rk/2nq1rnp/p4P2/1p1p4/P1p5/3B3Q/1PP4P/3R1RK1 w - - 0 29
pos_63,63,12,12393,transcoder,1.1967401504516602,-2.0,h3h7,-0.03778928518295288,0.9164886474609375,0.8786993622779846,6rk/2nq1rnp/p4P2/1p1p4/P1p5/3B3Q/1PP4P/3R1RK1 w - - 0 29
pos_23,23,1,9682,lorsa,2.411388635635376,-2.0,h3h7,-0.03768104314804077,0.9164886474609375,0.8788076043128967,6rk/2nq1rnp/p4P2/1p1p4/P1p5/3B3Q/1PP4P/3R1RK1 w - - 0 29
pos_55,55,5,2419,transcoder,0.5315775871276855,-2.0,h3h7,-0.03763473033905029,0.9164886474609375,0.8788539171218872,6rk/2nq1rnp/p4P2/1p1p4/P1p5/3B3Q/1PP4P/3R1RK1 w - - 0 29
pos_55,55,14,5354,lorsa,2.5974857807159424,-2.0,h3h7,-0.03742271661758423,0.9164886474609375,0.8790659308433533,6rk/2nq1rnp/p4P2/1p1p4/P1p5/3B3Q/1PP4P/3R1RK1 w - - 0 29
pos_55,55,2,12036,transcoder,0.5206013321876526,-2.0,h3h7,-0.03692573308944702,0.9164886474609375,0.8795629143714905,6rk/2nq1rnp/p4P2/1p1p4/P1p5/3B3Q/1PP4P/3R1RK1 w - - 0 29
pos_55,55,13,7425,transcoder,0.9361573457717896,-2.0,h3h7,-0.03676283359527588,0.9164886474609375,0.8797258138656616,6rk/2nq1rnp/p4P2/1p1p4/P1p5/3B3Q/1PP4P/3R1RK1 w - - 0 29
pos_19,19,14,138,transcoder,5.075809955596924,-2.0,h3h7,-0.035964369773864746,0.9164886474609375,0.8805242776870728,6rk/2nq1rnp/p4P2/1p1p4/P1p5/3B3Q/1PP4P/3R1RK1 w - - 0 29
pos_63,63,13,7466,transcoder,1.0857996940612793,-2.0,h3h7,-0.035378992557525635,0.9164886474609375,0.8811096549034119,6rk/2nq1rnp/p4P2/1p1p4/P1p5/3B3Q/1PP4P/3R1RK1 w - - 0 29
pos_55,55,1,7963,transcoder,0.6053542494773865,-2.0,h3h7,-0.03527498245239258,0.9164886474609375,0.8812136650085449,6rk/2nq1rnp/p4P2/1p1p4/P1p5/3B3Q/1PP4P/3R1RK1 w - - 0 29
pos_23,23,13,1596,transcoder,0.5366674661636353,-2.0,h3h7,-0.034303486347198486,0.9164886474609375,0.882185161113739,6rk/2nq1rnp/p4P2/1p1p4/P1p5/3B3Q/1PP4P/3R1RK1 w - - 0 29
pos_55,55,2,6076,lorsa,1.3255411386489868,-2.0,h3h7,-0.03305232524871826,0.9164886474609375,0.8834363222122192,6rk/2nq1rnp/p4P2/1p1p4/P1p5/3B3Q/1PP4P/3R1RK1 w - - 0 29
pos_55,55,14,5037,transcoder,1.236343264579773,-2.0,h3h7,-0.03246504068374634,0.9164886474609375,0.8840236067771912,6rk/2nq1rnp/p4P2/1p1p4/P1p5/3B3Q/1PP4P/3R1RK1 w - - 0 29
pos_56,56,2,4106,transcoder,1.9624196290969849,-2.0,h3h7,-0.03236597776412964,0.9164886474609375,0.8841226696968079,6rk/2nq1rnp/p4P2/1p1p4/P1p5/3B3Q/1PP4P/3R1RK1 w - - 0 29
pos_23,23,11,11974,transcoder,3.3214962482452393,-2.0,h3h7,-0.03215765953063965,0.9164886474609375,0.8843309879302979,6rk/2nq1rnp/p4P2/1p1p4/P1p5/3B3Q/1PP4P/3R1RK1 w - - 0 29
pos_55,55,14,15397,transcoder,2.1399378776550293,-2.0,h3h7,-0.031816065311431885,0.9164886474609375,0.8846725821495056,6rk/2nq1rnp/p4P2/1p1p4/P1p5/3B3Q/1PP4P/3R1RK1 w - - 0 29
pos_55,55,14,13561,transcoder,0.5341140031814575,-2.0,h3h7,-0.03179830312728882,0.9164886474609375,0.8846903443336487,6rk/2nq1rnp/p4P2/1p1p4/P1p5/3B3Q/1PP4P/3R1RK1 w - - 0 29
pos_33,33,0,9903,lorsa,3.6679530143737793,-2.0,h3h7,-0.031170964241027832,0.9164886474609375,0.8853176832199097,6rk/2nq1rnp/p4P2/1p1p4/P1p5/3B3Q/1PP4P/3R1RK1 w - - 0 29
pos_55,55,14,3067,transcoder,0.6777209639549255,-2.0,h3h7,-0.030123353004455566,0.9164886474609375,0.8863652944564819,6rk/2nq1rnp/p4P2/1p1p4/P1p5/3B3Q/1PP4P/3R1RK1 w - - 0 29
pos_6,6,10,11633,transcoder,1.5041921138763428,-2.0,h3h7,-0.030064165592193604,0.9164886474609375,0.8864244818687439,6rk/2nq1rnp/p4P2/1p1p4/P1p5/3B3Q/1PP4P/3R1RK1 w - - 0 29
pos_53,53,7,11410,transcoder,0.3793569803237915,-2.0,h3h7,-0.029876768589019775,0.9164886474609375,0.8866118788719177,6rk/2nq1rnp/p4P2/1p1p4/P1p5/3B3Q/1PP4P/3R1RK1 w - - 0 29
pos_55,55,14,7724,transcoder,0.782258927822113,-2.0,h3h7,-0.029344797134399414,0.9164886474609375,0.8871438503265381,6rk/2nq1rnp/p4P2/1p1p4/P1p5/3B3Q/1PP4P/3R1RK1 w - - 0 29
pos_55,55,0,4945,transcoder,0.16538916528224945,-2.0,h3h7,-0.029110372066497803,0.9164886474609375,0.8873782753944397,6rk/2nq1rnp/p4P2/1p1p4/P1p5/3B3Q/1PP4P/3R1RK1 w - - 0 29
pos_55,55,12,6669,transcoder,0.9485533237457275,-2.0,h3h7,-0.02899038791656494,0.9164886474609375,0.8874982595443726,6rk/2nq1rnp/p4P2/1p1p4/P1p5/3B3Q/1PP4P/3R1RK1 w - - 0 29
pos_55,55,2,2823,transcoder,0.2576156258583069,-2.0,h3h7,-0.028503060340881348,0.9164886474609375,0.8879855871200562,6rk/2nq1rnp/p4P2/1p1p4/P1p5/3B3Q/1PP4P/3R1RK1 w - - 0 29
pos_19,19,14,6541,lorsa,5.981556415557861,-2.0,h3h7,-0.0281333327293396,0.9164886474609375,0.8883553147315979,6rk/2nq1rnp/p4P2/1p1p4/P1p5/3B3Q/1PP4P/3R1RK1 w - - 0 29
pos_54,54,0,8584,transcoder,0.5094316601753235,-2.0,h3h7,-0.028094828128814697,0.9164886474609375,0.8883938193321228,6rk/2nq1rnp/p4P2/1p1p4/P1p5/3B3Q/1PP4P/3R1RK1 w - - 0 29
pos_6,6,9,14495,transcoder,0.48103824257850647,-2.0,h3h7,-0.027887403964996338,0.9164886474609375,0.8886012434959412,6rk/2nq1rnp/p4P2/1p1p4/P1p5/3B3Q/1PP4P/3R1RK1 w - - 0 29
pos_62,62,8,8174,transcoder,1.0017859935760498,-2.0,h3h7,-0.02783733606338501,0.9164886474609375,0.8886513113975525,6rk/2nq1rnp/p4P2/1p1p4/P1p5/3B3Q/1PP4P/3R1RK1 w - - 0 29
pos_55,55,14,5916,transcoder,0.3832647204399109,-2.0,h3h7,-0.027112245559692383,0.9164886474609375,0.8893764019012451,6rk/2nq1rnp/p4P2/1p1p4/P1p5/3B3Q/1PP4P/3R1RK1 w - - 0 29
pos_56,56,10,2873,transcoder,3.2411646842956543,-2.0,h3h7,-0.027077138423919678,0.9164886474609375,0.8894115090370178,6rk/2nq1rnp/p4P2/1p1p4/P1p5/3B3Q/1PP4P/3R1RK1 w - - 0 29
pos_50,50,3,6487,transcoder,1.2440483570098877,-2.0,h3h7,-0.027014851570129395,0.9164886474609375,0.8894737958908081,6rk/2nq1rnp/p4P2/1p1p4/P1p5/3B3Q/1PP4P/3R1RK1 w - - 0 29
pos_55,55,9,12225,transcoder,0.47073042392730713,-2.0,h3h7,-0.026875019073486328,0.9164886474609375,0.8896136283874512,6rk/2nq1rnp/p4P2/1p1p4/P1p5/3B3Q/1PP4P/3R1RK1 w - - 0 29
pos_56,56,6,13921,transcoder,2.360610246658325,-2.0,h3h7,-0.026795566082000732,0.9164886474609375,0.8896930813789368,6rk/2nq1rnp/p4P2/1p1p4/P1p5/3B3Q/1PP4P/3R1RK1 w - - 0 29
pos_62,62,8,3162,transcoder,2.693436861038208,-2.0,h3h7,-0.026620209217071533,0.9164886474609375,0.889868438243866,6rk/2nq1rnp/p4P2/1p1p4/P1p5/3B3Q/1PP4P/3R1RK1 w - - 0 29
pos_19,19,14,13313,transcoder,1.60610032081604,-2.0,h3h7,-0.026447951793670654,0.9164886474609375,0.8900406956672668,6rk/2nq1rnp/p4P2/1p1p4/P1p5/3B3Q/1PP4P/3R1RK1 w - - 0 29
pos_55,55,1,8874,transcoder,0.5585772395133972,-2.0,h3h7,-0.025779664516448975,0.9164886474609375,0.8907089829444885,6rk/2nq1rnp/p4P2/1p1p4/P1p5/3B3Q/1PP4P/3R1RK1 w - - 0 29
pos_2,2,7,6104,transcoder,7.349277496337891,-2.0,h3h7,-0.02564924955368042,0.9164886474609375,0.8908393979072571,6rk/2nq1rnp/p4P2/1p1p4/P1p5/3B3Q/1PP4P/3R1RK1 w - - 0 29
pos_51,51,6,2057,transcoder,2.1454977989196777,-2.0,h3h7,-0.02483004331588745,0.9164886474609375,0.89165860414505,6rk/2nq1rnp/p4P2/1p1p4/P1p5/3B3Q/1PP4P/3R1RK1 w - - 0 29
pos_23,23,14,8758,transcoder,1.7217350006103516,-2.0,h3h7,-0.024576663970947266,0.9164886474609375,0.8919119834899902,6rk/2nq1rnp/p4P2/1p1p4/P1p5/3B3Q/1PP4P/3R1RK1 w - - 0 29
pos_23,23,13,9961,transcoder,0.7186569571495056,-2.0,h3h7,-0.024202287197113037,0.9164886474609375,0.8922863602638245,6rk/2nq1rnp/p4P2/1p1p4/P1p5/3B3Q/1PP4P/3R1RK1 w - - 0 29
pos_57,57,3,1565,lorsa,8.93366813659668,-2.0,h3h7,-0.023934483528137207,0.9164886474609375,0.8925541639328003,6rk/2nq1rnp/p4P2/1p1p4/P1p5/3B3Q/1PP4P/3R1RK1 w - - 0 29
pos_55,55,1,12154,transcoder,0.14604328572750092,-2.0,h3h7,-0.02345365285873413,0.9164886474609375,0.8930349946022034,6rk/2nq1rnp/p4P2/1p1p4/P1p5/3B3Q/1PP4P/3R1RK1 w - - 0 29
pos_55,55,7,14502,lorsa,2.129870891571045,-2.0,h3h7,-0.02293550968170166,0.9164886474609375,0.8935531377792358,6rk/2nq1rnp/p4P2/1p1p4/P1p5/3B3Q/1PP4P/3R1RK1 w - - 0 29
pos_55,55,14,7345,lorsa,2.5400214195251465,-2.0,h3h7,-0.022796988487243652,0.9164886474609375,0.8936916589736938,6rk/2nq1rnp/p4P2/1p1p4/P1p5/3B3Q/1PP4P/3R1RK1 w - - 0 29
pos_55,55,3,8337,lorsa,2.4656641483306885,-2.0,h3h7,-0.022599220275878906,0.9164886474609375,0.8938894271850586,6rk/2nq1rnp/p4P2/1p1p4/P1p5/3B3Q/1PP4P/3R1RK1 w - - 0 29
pos_55,55,9,12666,transcoder,0.5422029495239258,-2.0,h3h7,-0.022578418254852295,0.9164886474609375,0.8939102292060852,6rk/2nq1rnp/p4P2/1p1p4/P1p5/3B3Q/1PP4P/3R1RK1 w - - 0 29
pos_55,55,4,9914,transcoder,0.6198819875717163,-2.0,h3h7,-0.022566556930541992,0.9164886474609375,0.8939220905303955,6rk/2nq1rnp/p4P2/1p1p4/P1p5/3B3Q/1PP4P/3R1RK1 w - - 0 29
pos_23,23,0,9251,lorsa,0.9470306634902954,-2.0,h3h7,-0.022287309169769287,0.9164886474609375,0.8942013382911682,6rk/2nq1rnp/p4P2/1p1p4/P1p5/3B3Q/1PP4P/3R1RK1 w - - 0 29
pos_6,6,9,7940,transcoder,0.8238851428031921,-2.0,h3h7,-0.021831274032592773,0.9164886474609375,0.8946573734283447,6rk/2nq1rnp/p4P2/1p1p4/P1p5/3B3Q/1PP4P/3R1RK1 w - - 0 29
pos_23,23,13,12356,transcoder,2.1519227027893066,-2.0,h3h7,-0.021278798580169678,0.9164886474609375,0.8952098488807678,6rk/2nq1rnp/p4P2/1p1p4/P1p5/3B3Q/1PP4P/3R1RK1 w - - 0 29
pos_55,55,14,7475,transcoder,0.6717526912689209,-2.0,h3h7,-0.021066606044769287,0.9164886474609375,0.8954220414161682,6rk/2nq1rnp/p4P2/1p1p4/P1p5/3B3Q/1PP4P/3R1RK1 w - - 0 29
pos_55,55,2,13261,transcoder,0.42499053478240967,-2.0,h3h7,-0.02095019817352295,0.9164886474609375,0.8955384492874146,6rk/2nq1rnp/p4P2/1p1p4/P1p5/3B3Q/1PP4P/3R1RK1 w - - 0 29
pos_51,51,9,12243,lorsa,3.7357006072998047,-2.0,h3h7,-0.02093327045440674,0.9164886474609375,0.8955553770065308,6rk/2nq1rnp/p4P2/1p1p4/P1p5/3B3Q/1PP4P/3R1RK1 w - - 0 29
pos_6,6,5,12145,transcoder,1.8087016344070435,-2.0,h3h7,-0.020546257495880127,0.9164886474609375,0.8959423899650574,6rk/2nq1rnp/p4P2/1p1p4/P1p5/3B3Q/1PP4P/3R1RK1 w - - 0 29
pos_55,55,13,11198,lorsa,1.5987577438354492,-2.0,h3h7,-0.020184636116027832,0.9164886474609375,0.8963040113449097,6rk/2nq1rnp/p4P2/1p1p4/P1p5/3B3Q/1PP4P/3R1RK1 w - - 0 29
pos_55,55,0,5178,lorsa,0.854546844959259,-2.0,h3h7,-0.019603312015533447,0.9164886474609375,0.896885335445404,6rk/2nq1rnp/p4P2/1p1p4/P1p5/3B3Q/1PP4P/3R1RK1 w - - 0 29
pos_53,53,8,3162,transcoder,2.2307939529418945,-2.0,h3h7,-0.018819451332092285,0.9164886474609375,0.8976691961288452,6rk/2nq1rnp/p4P2/1p1p4/P1p5/3B3Q/1PP4P/3R1RK1 w - - 0 29
pos_55,55,14,11920,transcoder,0.6003844738006592,-2.0,h3h7,-0.018577516078948975,0.9164886474609375,0.8979111313819885,6rk/2nq1rnp/p4P2/1p1p4/P1p5/3B3Q/1PP4P/3R1RK1 w - - 0 29
pos_54,54,0,12956,transcoder,0.27498942613601685,-2.0,h3h7,-0.018357455730438232,0.9164886474609375,0.8981311917304993,6rk/2nq1rnp/p4P2/1p1p4/P1p5/3B3Q/1PP4P/3R1RK1 w - - 0 29
pos_55,55,4,16282,lorsa,2.2051844596862793,-2.0,h3h7,-0.018276870250701904,0.9164886474609375,0.8982117772102356,6rk/2nq1rnp/p4P2/1p1p4/P1p5/3B3Q/1PP4P/3R1RK1 w - - 0 29
pos_55,55,5,13666,transcoder,0.4835403859615326,-2.0,h3h7,-0.0182265043258667,0.9164886474609375,0.8982621431350708,6rk/2nq1rnp/p4P2/1p1p4/P1p5/3B3Q/1PP4P/3R1RK1 w - - 0 29
